debugYTF85S:debugAO8AFK,initialized,0,,1604091512748
debugYTF85S:debugAO8AFK,window_resize,0,"[1024, 767]",1604091512748
debugA95YB1:debug6KMQJW,initialized,0,,1604091819372
debugA95YB1:debug6KMQJW,window_resize,0,"[1024, 767]",1604091819372
debug7M6ATR:debug9FC57Q,initialized,0,,1604092488830
debug7M6ATR:debug9FC57Q,window_resize,0,"[1024, 767]",1604092488830
debug22QI3G:debugKFRWMF,initialized,0,,1604094061463
debug22QI3G:debugKFRWMF,window_resize,0,"[1024, 767]",1604094061463
debugCMISWE:debug9F3AI4,initialized,0,,1604094305492
debugCMISWE:debug9F3AI4,window_resize,0,"[1024, 767]",1604094305492
debugHRILS6:debug66H9HS,initialized,0,,1604094386873
debugHRILS6:debug66H9HS,window_resize,0,"[1024, 767]",1604094386873
debug72AAFS:debugFEI2EG,initialized,0,,1604094437353
debug72AAFS:debugFEI2EG,window_resize,0,"[1024, 767]",1604094437353
debug72AAFS:debugFEI2EG,focus,149567,off,1604094586920
debug72AAFS:debugFEI2EG,focus,58266,on,1604094645186
debugTBFE6W:debug0L2ZML,initialized,0,,1604094826801
debugTBFE6W:debug0L2ZML,window_resize,0,"[1024, 767]",1604094826801
debug7ASHR3:debug10VFUI,initialized,0,,1604599834388
debug7ASHR3:debug10VFUI,window_resize,0,"[1024, 767]",1604599834388
debug7ASHR3:debug10VFUI,focus,6737,off,1604599841125
debug7ASHR3:debug10VFUI,focus,25347,on,1604599866472
debug6YBWQU:debugRSKKU1,initialized,0,,1604600250737
debug6YBWQU:debugRSKKU1,window_resize,0,"[1024, 767]",1604600250737
debugHOLMU3:debugW2KV9A,initialized,0,,1604600396802
debugHOLMU3:debugW2KV9A,window_resize,0,"[1024, 767]",1604600396802
debugPTGVKD:debugF4K1JJ,initialized,0,,1604600776232
debugPTGVKD:debugF4K1JJ,window_resize,0,"[1024, 767]",1604600776232
debugT2K2OP:debugI728L2,initialized,0,,1604600851265
debugT2K2OP:debugI728L2,window_resize,0,"[1024, 767]",1604600851265
debug2RPIOH:debugI6NP6F,initialized,0,,1604600972741
debug2RPIOH:debugI6NP6F,window_resize,0,"[1024, 767]",1604600972741
debugBLX9MZ:debugDCEK1M,initialized,0,,1604601014177
debugBLX9MZ:debugDCEK1M,window_resize,0,"[1024, 767]",1604601014177
debugLP4KJC:debug605YRA,initialized,0,,1604601141281
debugLP4KJC:debug605YRA,window_resize,0,"[1024, 767]",1604601141281
debug04S9KN:debugYB4FFA,initialized,0,,1604601384575
debug04S9KN:debugYB4FFA,window_resize,1,"[1024, 767]",1604601384576
debugXXRFCX:debugWJ6Z6V,initialized,0,,1604601490563
debugXXRFCX:debugWJ6Z6V,window_resize,0,"[1024, 767]",1604601490563
debugPBHRZ3:debugERZOSN,initialized,0,,1604601685295
debugPBHRZ3:debugERZOSN,window_resize,0,"[1024, 767]",1604601685295
debug9ILJ8V:debug4Q6XR4,initialized,0,,1604602110291
debug9ILJ8V:debug4Q6XR4,window_resize,0,"[1024, 767]",1604602110291
debugBWABB8:debugRYDFV4,initialized,0,,1604602240889
debugBWABB8:debugRYDFV4,window_resize,0,"[1024, 767]",1604602240889
debugN06SI4:debug70CU2G,initialized,0,,1604602476277
debugN06SI4:debug70CU2G,window_resize,0,"[1024, 767]",1604602476277
debugHWQP0Q:debugRF0SN5,initialized,0,,1604602605765
debugHWQP0Q:debugRF0SN5,window_resize,0,"[1024, 767]",1604602605765
debug1KICA1:debugNMFRT8,initialized,0,,1604602646438
debug1KICA1:debugNMFRT8,window_resize,0,"[1024, 767]",1604602646438
debugYIWCNG:debugK7BU5C,initialized,0,,1604602774634
debugYIWCNG:debugK7BU5C,window_resize,0,"[1024, 767]",1604602774634
debugRIFANJ:debugVJ3O7Y,initialized,0,,1604602906711
debugRIFANJ:debugVJ3O7Y,window_resize,1,"[1024, 767]",1604602906712
debug5C4M1B:debugAG6N4Q,initialized,0,,1604603091953
debug5C4M1B:debugAG6N4Q,window_resize,0,"[1024, 767]",1604603091953
debugE5MY30:debugSNR4W5,initialized,0,,1604603302725
debugE5MY30:debugSNR4W5,window_resize,0,"[1024, 767]",1604603302725
debugBW41KU:debug6ZFL1P,initialized,0,,1604603441366
debugBW41KU:debug6ZFL1P,window_resize,0,"[1024, 767]",1604603441366
debugLBOOBZ:debugB28DR2,initialized,0,,1604603960359
debugLBOOBZ:debugB28DR2,window_resize,0,"[1024, 767]",1604603960359
debugZ4DQDG:debug57CWZX,initialized,0,,1604604203230
debugZ4DQDG:debug57CWZX,window_resize,0,"[1024, 767]",1604604203230
debugGDBK84:debugBRLG7G,initialized,0,,1604604382804
debugGDBK84:debugBRLG7G,window_resize,0,"[1024, 767]",1604604382804
debugBDWY8J:debug409R5C,initialized,0,,1604605239690
debugBDWY8J:debug409R5C,window_resize,0,"[1024, 767]",1604605239690
debugV8N0FD:debugVTJCF7,initialized,0,,1604605378076
debugV8N0FD:debugVTJCF7,window_resize,0,"[1024, 767]",1604605378076
debugBRFKJK:debugEAEQ0I,initialized,0,,1604605716147
debugBRFKJK:debugEAEQ0I,window_resize,0,"[1024, 767]",1604605716147
debug4QT59Q:debugHPYHVH,initialized,0,,1604605818862
debug4QT59Q:debugHPYHVH,window_resize,0,"[1024, 767]",1604605818862
debug3LSQ4V:debug8OP0K0,initialized,0,,1604605898267
debug3LSQ4V:debug8OP0K0,window_resize,0,"[1024, 767]",1604605898267
debug4OLET9:debug5D0E7U,initialized,0,,1604607048869
debug4OLET9:debug5D0E7U,window_resize,0,"[1024, 767]",1604607048869
debugILDGMO:debugY2DH37,initialized,0,,1604607102754
debugILDGMO:debugY2DH37,window_resize,0,"[1024, 767]",1604607102754
debugP93O4K:debugPTPSIV,initialized,0,,1604607703687
debugP93O4K:debugPTPSIV,window_resize,0,"[1024, 767]",1604607703687
debugQXAZ2U:debugTEQZKT,initialized,0,,1604607938441
debugQXAZ2U:debugTEQZKT,window_resize,0,"[1024, 767]",1604607938441
debugQ32LD0:debugOS8AWC,initialized,0,,1604608076217
debugQ32LD0:debugOS8AWC,window_resize,1,"[1024, 767]",1604608076218
debugNPGA89:debug4YJWBY,initialized,0,,1604608112662
debugNPGA89:debug4YJWBY,window_resize,0,"[1024, 767]",1604608112662
debugEWYK9P:debugK4HHDA,initialized,0,,1604608331881
debugEWYK9P:debugK4HHDA,window_resize,0,"[1024, 767]",1604608331881
debug4FGUIX:debug7J4IJL,initialized,0,,1604616616272
debug4FGUIX:debug7J4IJL,window_resize,0,"[1024, 767]",1604616616272
debugOL98PQ:debugYEXWKH,initialized,0,,1604616727656
debugOL98PQ:debugYEXWKH,window_resize,0,"[1024, 767]",1604616727656
debugV255LY:debug5TFOK4,initialized,0,,1604617477262
debugV255LY:debug5TFOK4,window_resize,0,"[1024, 767]",1604617477262
debugOCLQDG:debugF1BCO8,initialized,0,,1604617506599
debugOCLQDG:debugF1BCO8,window_resize,0,"[1024, 767]",1604617506599
debug5Y7WCO:debug3A8QIX,initialized,0,,1604618183619
debug5Y7WCO:debug3A8QIX,window_resize,0,"[1024, 767]",1604618183619
debug5VQPOB:debug5RXTLP,initialized,0,,1604618884666
debug5VQPOB:debug5RXTLP,window_resize,0,"[1024, 767]",1604618884666
debugNKOLHQ:debug33RI0B,initialized,0,,1604618916043
debugNKOLHQ:debug33RI0B,window_resize,0,"[1024, 767]",1604618916043
debugIZCX9L:debug3YFZ07,initialized,0,,1604619153041
debugIZCX9L:debug3YFZ07,window_resize,0,"[1024, 767]",1604619153041
debugBNTP2Y:debugOO7Q0I,initialized,0,,1604620435765
debugBNTP2Y:debugOO7Q0I,window_resize,0,"[1024, 767]",1604620435765
debug44CHJV:debugTF2N91,initialized,0,,1604622269802
debug44CHJV:debugTF2N91,window_resize,0,"[1024, 767]",1604622269802
debugC00Z6L:debugJBHNW1,initialized,0,,1604623137690
debugC00Z6L:debugJBHNW1,window_resize,0,"[1024, 767]",1604623137690
