debugYTF85S:debugAO8AFK,gender,female
debugYTF85S:debugAO8AFK,age,23
debugYTF85S:debugAO8AFK,condition,15
debugA95YB1:debug6KMQJW,gender,female
debugA95YB1:debug6KMQJW,age,23
debugA95YB1:debug6KMQJW,condition,0
debug22QI3G:debugKFRWMF,gender,female
debug22QI3G:debugKFRWMF,age,23
debug22QI3G:debugKFRWMF,condition,5
debugCMISWE:debug9F3AI4,gender,female
debugCMISWE:debug9F3AI4,age,23
debugCMISWE:debug9F3AI4,condition,6
debugHRILS6:debug66H9HS,gender,female
debugHRILS6:debug66H9HS,age,23
debugHRILS6:debug66H9HS,condition,14
debug72AAFS:debugFEI2EG,gender,female
debug72AAFS:debugFEI2EG,age,23
debug72AAFS:debugFEI2EG,condition,8
debugTBFE6W:debug0L2ZML,gender,female
debugTBFE6W:debug0L2ZML,age,23
debugTBFE6W:debug0L2ZML,condition,9
debug7ASHR3:debug10VFUI,gender,female
debug7ASHR3:debug10VFUI,age,23
debug7ASHR3:debug10VFUI,condition,1
debugPTGVKD:debugF4K1JJ,gender,female
debugPTGVKD:debugF4K1JJ,age,23
debugPTGVKD:debugF4K1JJ,condition,10
debugBLX9MZ:debugDCEK1M,gender,female
debugBLX9MZ:debugDCEK1M,age,23
debugBLX9MZ:debugDCEK1M,condition,3
debugPBHRZ3:debugERZOSN,gender,female
debugPBHRZ3:debugERZOSN,age,23
debugPBHRZ3:debugERZOSN,condition,2
debugBWABB8:debugRYDFV4,gender,female
debugBWABB8:debugRYDFV4,age,23
debugBWABB8:debugRYDFV4,condition,6
debugN06SI4:debug70CU2G,gender,female
debugN06SI4:debug70CU2G,age,23
debugN06SI4:debug70CU2G,condition,12
debugYIWCNG:debugK7BU5C,gender,female
debugYIWCNG:debugK7BU5C,age,23
debugYIWCNG:debugK7BU5C,condition,6
debugRIFANJ:debugVJ3O7Y,gender,female
debugRIFANJ:debugVJ3O7Y,age,23
debugRIFANJ:debugVJ3O7Y,condition,3
debugE5MY30:debugSNR4W5,gender,female
debugE5MY30:debugSNR4W5,age,23
debugE5MY30:debugSNR4W5,condition,8
debugBW41KU:debug6ZFL1P,gender,female
debugBW41KU:debug6ZFL1P,age,23
debugBW41KU:debug6ZFL1P,condition,1
debugLBOOBZ:debugB28DR2,gender,female
debugLBOOBZ:debugB28DR2,age,23
debugLBOOBZ:debugB28DR2,condition,5
debugZ4DQDG:debug57CWZX,gender,female
debugZ4DQDG:debug57CWZX,age,23
debugZ4DQDG:debug57CWZX,condition,0
debugGDBK84:debugBRLG7G,gender,female
debugGDBK84:debugBRLG7G,age,23
debugGDBK84:debugBRLG7G,condition,1
debugBDWY8J:debug409R5C,gender,female
debugBDWY8J:debug409R5C,age,23
debugBDWY8J:debug409R5C,condition,14
debugV8N0FD:debugVTJCF7,gender,female
debugV8N0FD:debugVTJCF7,age,23
debugV8N0FD:debugVTJCF7,condition,2
debugBRFKJK:debugEAEQ0I,gender,female
debugBRFKJK:debugEAEQ0I,age,23
debugBRFKJK:debugEAEQ0I,condition,4
debug4QT59Q:debugHPYHVH,gender,female
debug4QT59Q:debugHPYHVH,age,23
debug4QT59Q:debugHPYHVH,condition,13
debugILDGMO:debugY2DH37,gender,female
debugILDGMO:debugY2DH37,age,23
debugILDGMO:debugY2DH37,condition,10
debugP93O4K:debugPTPSIV,gender,female
debugP93O4K:debugPTPSIV,age,23
debugP93O4K:debugPTPSIV,condition,0
debugQXAZ2U:debugTEQZKT,gender,female
debugQXAZ2U:debugTEQZKT,age,23
debugQXAZ2U:debugTEQZKT,condition,1
debugNPGA89:debug4YJWBY,gender,female
debugNPGA89:debug4YJWBY,age,23
debugNPGA89:debug4YJWBY,condition,1
debugEWYK9P:debugK4HHDA,gender,female
debugEWYK9P:debugK4HHDA,age,23
debugEWYK9P:debugK4HHDA,condition,1
debug4FGUIX:debug7J4IJL,gender,female
debug4FGUIX:debug7J4IJL,age,23
debug4FGUIX:debug7J4IJL,condition,0
debugOL98PQ:debugYEXWKH,gender,female
debugOL98PQ:debugYEXWKH,age,23
debugOL98PQ:debugYEXWKH,condition,1
debugOCLQDG:debugF1BCO8,gender,female
debugOCLQDG:debugF1BCO8,age,23
debugOCLQDG:debugF1BCO8,condition,0
debug5Y7WCO:debug3A8QIX,gender,female
debug5Y7WCO:debug3A8QIX,age,23
debug5Y7WCO:debug3A8QIX,condition,1
debugIZCX9L:debug3YFZ07,gender,female
debugIZCX9L:debug3YFZ07,age,23
debugIZCX9L:debug3YFZ07,condition,0
debugIZCX9L:debug3YFZ07,Path1_2ndPerson_1,28
debugIZCX9L:debug3YFZ07,Path1_3rdPerson_3,4
debugIZCX9L:debug3YFZ07,Path1_3rdPerson_1,5
debugIZCX9L:debug3YFZ07,Path2_3rdPerson_2,28
debugIZCX9L:debug3YFZ07,Path2_3rdPerson_3,27
debugIZCX9L:debug3YFZ07,Path2_3rdPerson_1,28
debugIZCX9L:debug3YFZ07,Path2_2ndPerson_3,50
debugIZCX9L:debug3YFZ07,Path2_2ndPerson_2,50
debugIZCX9L:debug3YFZ07,Path2_2ndPerson_1,51
debugIZCX9L:debug3YFZ07,Path1_3rdPerson_2,3
debugIZCX9L:debug3YFZ07,check,2
debugIZCX9L:debug3YFZ07,Path1_2ndPerson_2,27
debugIZCX9L:debug3YFZ07,Path1_2ndPerson_3,27
debugBNTP2Y:debugOO7Q0I,gender,female
debugBNTP2Y:debugOO7Q0I,age,23
debugBNTP2Y:debugOO7Q0I,condition,1
debugBNTP2Y:debugOO7Q0I,Path1_2ndPerson_1,4
debugBNTP2Y:debugOO7Q0I,Path1_3rdPerson_3,5
debugBNTP2Y:debugOO7Q0I,Path2_2ndPerson_3,4
debugBNTP2Y:debugOO7Q0I,Path2_3rdPerson_2,2
debugBNTP2Y:debugOO7Q0I,Path2_3rdPerson_3,3
debugBNTP2Y:debugOO7Q0I,Path2_3rdPerson_1,1
debugBNTP2Y:debugOO7Q0I,Path1_3rdPerson_1,3
debugBNTP2Y:debugOO7Q0I,Path2_2ndPerson_2,3
debugBNTP2Y:debugOO7Q0I,Path2_2ndPerson_1,2
debugBNTP2Y:debugOO7Q0I,Path1_3rdPerson_2,4
debugBNTP2Y:debugOO7Q0I,check,2
debugBNTP2Y:debugOO7Q0I,Path1_2ndPerson_2,5
debugBNTP2Y:debugOO7Q0I,Path1_2ndPerson_3,1
debug44CHJV:debugTF2N91,gender,female
debug44CHJV:debugTF2N91,age,23
debug44CHJV:debugTF2N91,condition,0
debugC00Z6L:debugJBHNW1,gender,female
debugC00Z6L:debugJBHNW1,age,23
debugC00Z6L:debugJBHNW1,condition,1
debugC00Z6L:debugJBHNW1,Path1_2ndPerson_1,4
debugC00Z6L:debugJBHNW1,Path1_3rdPerson_3,3
debugC00Z6L:debugJBHNW1,Path2_2ndPerson_3,2
debugC00Z6L:debugJBHNW1,Path2_3rdPerson_2,1
debugC00Z6L:debugJBHNW1,Path2_3rdPerson_3,1
debugC00Z6L:debugJBHNW1,Fname,blah blah
debugC00Z6L:debugJBHNW1,Path2_3rdPerson_1,1
debugC00Z6L:debugJBHNW1,Path1_3rdPerson_1,3
debugC00Z6L:debugJBHNW1,Path2_2ndPerson_2,2
debugC00Z6L:debugJBHNW1,Path2_2ndPerson_1,2
debugC00Z6L:debugJBHNW1,Path1_3rdPerson_2,3
debugC00Z6L:debugJBHNW1,check,2
debugC00Z6L:debugJBHNW1,Path1_2ndPerson_2,4
debugC00Z6L:debugJBHNW1,Path1_2ndPerson_3,4
