debugYTF85S:debugAO8AFK,0,1604091512870,"{""phase"": ""INSTRUCTIONS"", ""templates"": [""instruct-1.html""], ""action"": ""Begin""}"
debugYTF85S:debugAO8AFK,1,1604091528065,"{""phase"": ""INSTRUCTIONS"", ""indexOf"": 0, ""viewTime"": 15192, ""action"": ""FinishInstructions"", ""template"": ""instruct-1.html""}"
debugYTF85S:debugAO8AFK,2,1604091528080,"{""phase"": ""demoquestionnaire"", ""status"": ""begin""}"
debugYTF85S:debugAO8AFK,3,1604091533071,"{""phase"": ""demoquestionnaire"", ""status"": ""submit""}"
debugYTF85S:debugAO8AFK,4,1604091533080,"{""phase"": ""vidcheck"", ""status"": ""begin""}"
debugYTF85S:debugAO8AFK,5,1604091535612,"{""phase"": ""vidcheck"", ""status"": ""play/pause clicked: 0""}"
debugYTF85S:debugAO8AFK,6,1604091546346,"{""phase"": ""vidcheck"", ""status"": ""video ended""}"
debugYTF85S:debugAO8AFK,7,1604091548826,"{""phase"": ""vidcheck"", ""status"": ""submit""}"
debugA95YB1:debug6KMQJW,0,1604091819480,"{""action"": ""Begin"", ""phase"": ""INSTRUCTIONS"", ""templates"": [""instruct-1.html""]}"
debugA95YB1:debug6KMQJW,1,1604091821044,"{""action"": ""FinishInstructions"", ""indexOf"": 0, ""viewTime"": 1560, ""phase"": ""INSTRUCTIONS"", ""template"": ""instruct-1.html""}"
debugA95YB1:debug6KMQJW,2,1604091840561,"{""action"": ""Begin"", ""phase"": ""INSTRUCTIONS"", ""templates"": [""instruct-1.html""]}"
debugA95YB1:debug6KMQJW,3,1604091841547,"{""action"": ""FinishInstructions"", ""indexOf"": 0, ""viewTime"": 984, ""phase"": ""INSTRUCTIONS"", ""template"": ""instruct-1.html""}"
debugA95YB1:debug6KMQJW,4,1604091841558,"{""phase"": ""demoquestionnaire"", ""status"": ""begin""}"
debugA95YB1:debug6KMQJW,5,1604091846892,"{""phase"": ""demoquestionnaire"", ""status"": ""submit""}"
debugA95YB1:debug6KMQJW,6,1604091846903,"{""phase"": ""vidcheck"", ""status"": ""begin""}"
debugA95YB1:debug6KMQJW,7,1604091848561,"{""phase"": ""vidcheck"", ""status"": ""play/pause clicked: 0""}"
debugA95YB1:debug6KMQJW,8,1604091859297,"{""phase"": ""vidcheck"", ""status"": ""video ended""}"
debugA95YB1:debug6KMQJW,9,1604091861156,"{""phase"": ""vidcheck"", ""status"": ""submit""}"
debugA95YB1:debug6KMQJW,10,1604092373349,"{""phase"": ""INSTRUCTIONS"", ""templates"": [""instruct-1.html""], ""action"": ""Begin""}"
debugA95YB1:debug6KMQJW,11,1604092374462,"{""phase"": ""INSTRUCTIONS"", ""indexOf"": 0, ""viewTime"": 1111, ""action"": ""FinishInstructions"", ""template"": ""instruct-1.html""}"
debugA95YB1:debug6KMQJW,12,1604092374472,"{""phase"": ""demoquestionnaire"", ""status"": ""begin""}"
debugA95YB1:debug6KMQJW,13,1604092379939,"{""phase"": ""demoquestionnaire"", ""status"": ""submit""}"
debug7M6ATR:debug9FC57Q,0,1604092488942,"{""phase"": ""INSTRUCTIONS"", ""templates"": [""instruct-1.html""], ""action"": ""Begin""}"
debug7M6ATR:debug9FC57Q,1,1604092511806,"{""phase"": ""INSTRUCTIONS"", ""indexOf"": 0, ""viewTime"": 22860, ""action"": ""FinishInstructions"", ""template"": ""instruct-1.html""}"
debug22QI3G:debugKFRWMF,0,1604094061570,"{""phase"": ""INSTRUCTIONS"", ""templates"": [""instruct-1.html""], ""action"": ""Begin""}"
debug22QI3G:debugKFRWMF,1,1604094064915,"{""phase"": ""INSTRUCTIONS"", ""indexOf"": 0, ""viewTime"": 3339, ""action"": ""FinishInstructions"", ""template"": ""instruct-1.html""}"
debug22QI3G:debugKFRWMF,2,1604094064927,"{""phase"": ""demoquestionnaire"", ""status"": ""begin""}"
debug22QI3G:debugKFRWMF,3,1604094069091,"{""phase"": ""demoquestionnaire"", ""status"": ""submit""}"
debug22QI3G:debugKFRWMF,4,1604094069099,"{""phase"": ""vidcheck"", ""status"": ""begin""}"
debug22QI3G:debugKFRWMF,5,1604094070421,"{""phase"": ""vidcheck"", ""status"": ""play/pause clicked: 0""}"
debug22QI3G:debugKFRWMF,6,1604094081166,"{""phase"": ""vidcheck"", ""status"": ""video ended""}"
debug22QI3G:debugKFRWMF,7,1604094082110,"{""phase"": ""vidcheck"", ""status"": ""submit""}"
debugCMISWE:debug9F3AI4,0,1604094305576,"{""action"": ""Begin"", ""phase"": ""INSTRUCTIONS"", ""templates"": [""instruct-1.html""]}"
debugCMISWE:debug9F3AI4,1,1604094306890,"{""action"": ""FinishInstructions"", ""indexOf"": 0, ""viewTime"": 1310, ""phase"": ""INSTRUCTIONS"", ""template"": ""instruct-1.html""}"
debugCMISWE:debug9F3AI4,2,1604094306900,"{""phase"": ""demoquestionnaire"", ""status"": ""begin""}"
debugCMISWE:debug9F3AI4,3,1604094311953,"{""phase"": ""demoquestionnaire"", ""status"": ""submit""}"
debugCMISWE:debug9F3AI4,4,1604094311959,"{""phase"": ""vidcheck"", ""status"": ""begin""}"
debugCMISWE:debug9F3AI4,5,1604094313417,"{""phase"": ""vidcheck"", ""status"": ""play/pause clicked: 0""}"
debugCMISWE:debug9F3AI4,6,1604094324157,"{""phase"": ""vidcheck"", ""status"": ""video ended""}"
debugCMISWE:debug9F3AI4,7,1604094324630,"{""phase"": ""vidcheck"", ""status"": ""submit""}"
debugCMISWE:debug9F3AI4,8,1604094330344,"{""phase"": ""intro_video"", ""status"": ""submit""}"
debugCMISWE:debug9F3AI4,9,1604094331623,"{""phase"": ""vidcheck"", ""status"": ""restart clicked: 0""}"
debugCMISWE:debug9F3AI4,10,1604094333617,"{""phase"": ""intro_video"", ""status"": ""submit""}"
debugCMISWE:debug9F3AI4,11,1604094342304,"{""phase"": ""intro_video"", ""status"": ""submit""}"
debugCMISWE:debug9F3AI4,12,1604094347076,"{""phase"": ""INSTRUCTIONS"", ""templates"": [""instruct-1.html""], ""action"": ""Begin""}"
debugCMISWE:debug9F3AI4,13,1604094348494,"{""phase"": ""INSTRUCTIONS"", ""indexOf"": 0, ""viewTime"": 1415, ""action"": ""FinishInstructions"", ""template"": ""instruct-1.html""}"
debugCMISWE:debug9F3AI4,14,1604094348503,"{""phase"": ""demoquestionnaire"", ""status"": ""begin""}"
debugCMISWE:debug9F3AI4,15,1604094355036,"{""phase"": ""demoquestionnaire"", ""status"": ""submit""}"
debugCMISWE:debug9F3AI4,16,1604094355045,"{""phase"": ""vidcheck"", ""status"": ""begin""}"
debugCMISWE:debug9F3AI4,17,1604094358548,"{""phase"": ""vidcheck"", ""status"": ""play/pause clicked: 0""}"
debugCMISWE:debug9F3AI4,18,1604094369301,"{""phase"": ""vidcheck"", ""status"": ""video ended""}"
debugCMISWE:debug9F3AI4,19,1604094371118,"{""phase"": ""vidcheck"", ""status"": ""submit""}"
debugCMISWE:debug9F3AI4,20,1604094371877,"{""phase"": ""intro_video"", ""status"": ""submit""}"
debugHRILS6:debug66H9HS,0,1604094386948,"{""phase"": ""INSTRUCTIONS"", ""templates"": [""instruct-1.html""], ""action"": ""Begin""}"
debugHRILS6:debug66H9HS,1,1604094388521,"{""phase"": ""INSTRUCTIONS"", ""indexOf"": 0, ""viewTime"": 1571, ""action"": ""FinishInstructions"", ""template"": ""instruct-1.html""}"
debugHRILS6:debug66H9HS,2,1604094388529,"{""phase"": ""demoquestionnaire"", ""status"": ""begin""}"
debugHRILS6:debug66H9HS,3,1604094394455,"{""phase"": ""demoquestionnaire"", ""status"": ""submit""}"
debugHRILS6:debug66H9HS,4,1604094394465,"{""phase"": ""vidcheck"", ""status"": ""begin""}"
debugHRILS6:debug66H9HS,5,1604094395939,"{""phase"": ""vidcheck"", ""status"": ""play/pause clicked: 0""}"
debugHRILS6:debug66H9HS,6,1604094406684,"{""phase"": ""vidcheck"", ""status"": ""video ended""}"
debugHRILS6:debug66H9HS,7,1604094409078,"{""phase"": ""vidcheck"", ""status"": ""submit""}"
debugHRILS6:debug66H9HS,8,1604094412775,"{""phase"": ""intro_video"", ""status"": ""submit""}"
debug72AAFS:debugFEI2EG,0,1604094437429,"{""action"": ""Begin"", ""phase"": ""INSTRUCTIONS"", ""templates"": [""instruct-1.html""]}"
debug72AAFS:debugFEI2EG,1,1604094438712,"{""action"": ""FinishInstructions"", ""indexOf"": 0, ""viewTime"": 1280, ""phase"": ""INSTRUCTIONS"", ""template"": ""instruct-1.html""}"
debug72AAFS:debugFEI2EG,2,1604094438721,"{""phase"": ""demoquestionnaire"", ""status"": ""begin""}"
debug72AAFS:debugFEI2EG,3,1604094443100,"{""phase"": ""demoquestionnaire"", ""status"": ""submit""}"
debug72AAFS:debugFEI2EG,4,1604094443109,"{""phase"": ""vidcheck"", ""status"": ""begin""}"
debug72AAFS:debugFEI2EG,5,1604094444475,"{""phase"": ""vidcheck"", ""status"": ""play/pause clicked: 0""}"
debug72AAFS:debugFEI2EG,6,1604094455215,"{""phase"": ""vidcheck"", ""status"": ""video ended""}"
debug72AAFS:debugFEI2EG,7,1604094458443,"{""phase"": ""vidcheck"", ""status"": ""submit""}"
debug72AAFS:debugFEI2EG,8,1604094485541,"{""action"": ""Begin"", ""phase"": ""INSTRUCTIONS"", ""templates"": [""instruct-1.html""]}"
debug72AAFS:debugFEI2EG,9,1604094486706,"{""action"": ""FinishInstructions"", ""indexOf"": 0, ""viewTime"": 1160, ""phase"": ""INSTRUCTIONS"", ""template"": ""instruct-1.html""}"
debug72AAFS:debugFEI2EG,10,1604094486718,"{""phase"": ""demoquestionnaire"", ""status"": ""begin""}"
debug72AAFS:debugFEI2EG,11,1604094491497,"{""phase"": ""demoquestionnaire"", ""status"": ""submit""}"
debug72AAFS:debugFEI2EG,12,1604094491503,"{""phase"": ""vidcheck"", ""status"": ""begin""}"
debug72AAFS:debugFEI2EG,13,1604094493362,"{""phase"": ""vidcheck"", ""status"": ""play/pause clicked: 0""}"
debug72AAFS:debugFEI2EG,14,1604094504091,"{""phase"": ""vidcheck"", ""status"": ""video ended""}"
debug72AAFS:debugFEI2EG,15,1604094504787,"{""phase"": ""vidcheck"", ""status"": ""submit""}"
debug72AAFS:debugFEI2EG,16,1604094509186,"{""phase"": ""intro_video"", ""status"": ""submit""}"
debug72AAFS:debugFEI2EG,17,1604094560787,"{""action"": ""Begin"", ""phase"": ""INSTRUCTIONS"", ""templates"": [""instruct-1.html""]}"
debug72AAFS:debugFEI2EG,18,1604094562721,"{""action"": ""FinishInstructions"", ""indexOf"": 0, ""viewTime"": 1930, ""phase"": ""INSTRUCTIONS"", ""template"": ""instruct-1.html""}"
debug72AAFS:debugFEI2EG,19,1604094562730,"{""phase"": ""demoquestionnaire"", ""status"": ""begin""}"
debug72AAFS:debugFEI2EG,20,1604094571705,"{""phase"": ""demoquestionnaire"", ""status"": ""submit""}"
debug72AAFS:debugFEI2EG,21,1604094571716,"{""phase"": ""vidcheck"", ""status"": ""begin""}"
debug72AAFS:debugFEI2EG,22,1604094573129,"{""phase"": ""vidcheck"", ""status"": ""play/pause clicked: 0""}"
debug72AAFS:debugFEI2EG,23,1604094583860,"{""phase"": ""vidcheck"", ""status"": ""video ended""}"
debug72AAFS:debugFEI2EG,24,1604094585093,"{""phase"": ""vidcheck"", ""status"": ""submit""}"
debug72AAFS:debugFEI2EG,25,1604094648436,"{""phase"": ""intro_video"", ""status"": ""submit""}"
debug72AAFS:debugFEI2EG,26,1604094679361,"{""phase"": ""INSTRUCTIONS"", ""templates"": [""instruct-1.html""], ""action"": ""Begin""}"
debug72AAFS:debugFEI2EG,27,1604094680750,"{""phase"": ""INSTRUCTIONS"", ""indexOf"": 0, ""viewTime"": 1384, ""action"": ""FinishInstructions"", ""template"": ""instruct-1.html""}"
debugTBFE6W:debug0L2ZML,0,1604094826876,"{""phase"": ""INSTRUCTIONS"", ""templates"": [""instruct-1.html""], ""action"": ""Begin""}"
debugTBFE6W:debug0L2ZML,1,1604094828184,"{""phase"": ""INSTRUCTIONS"", ""indexOf"": 0, ""viewTime"": 1305, ""action"": ""FinishInstructions"", ""template"": ""instruct-1.html""}"
debugTBFE6W:debug0L2ZML,2,1604094828194,"{""phase"": ""demoquestionnaire"", ""status"": ""begin""}"
debugTBFE6W:debug0L2ZML,3,1604094835070,"{""phase"": ""demoquestionnaire"", ""status"": ""submit""}"
debug7ASHR3:debug10VFUI,0,1604599834475,"{""action"": ""Begin"", ""phase"": ""INSTRUCTIONS"", ""templates"": [""instruct-1.html""]}"
debug7ASHR3:debug10VFUI,1,1604599838705,"{""action"": ""FinishInstructions"", ""indexOf"": 0, ""viewTime"": 4227, ""phase"": ""INSTRUCTIONS"", ""template"": ""instruct-1.html""}"
debug7ASHR3:debug10VFUI,2,1604599838715,"{""phase"": ""demoquestionnaire"", ""status"": ""begin""}"
debug7ASHR3:debug10VFUI,3,1604599871922,"{""phase"": ""demoquestionnaire"", ""status"": ""submit""}"
debug7ASHR3:debug10VFUI,4,1604600187135,"{""phase"": ""INSTRUCTIONS"", ""templates"": [""instruct-1.html""], ""action"": ""Begin""}"
debug7ASHR3:debug10VFUI,5,1604600188345,"{""phase"": ""INSTRUCTIONS"", ""indexOf"": 0, ""viewTime"": 1208, ""action"": ""FinishInstructions"", ""template"": ""instruct-1.html""}"
debug7ASHR3:debug10VFUI,6,1604600188355,"{""phase"": ""demoquestionnaire"", ""status"": ""begin""}"
debug7ASHR3:debug10VFUI,7,1604600194954,"{""phase"": ""demoquestionnaire"", ""status"": ""submit""}"
debug6YBWQU:debugRSKKU1,0,1604600250816,"{""phase"": ""INSTRUCTIONS"", ""templates"": [""instruct-1.html""], ""action"": ""Begin""}"
debug6YBWQU:debugRSKKU1,1,1604600252639,"{""phase"": ""INSTRUCTIONS"", ""indexOf"": 0, ""viewTime"": 1819, ""action"": ""FinishInstructions"", ""template"": ""instruct-1.html""}"
debugHOLMU3:debugW2KV9A,0,1604600396881,"{""phase"": ""INSTRUCTIONS"", ""templates"": [""instruct-1.html""], ""action"": ""Begin""}"
debugHOLMU3:debugW2KV9A,1,1604600398313,"{""phase"": ""INSTRUCTIONS"", ""indexOf"": 0, ""viewTime"": 1429, ""action"": ""FinishInstructions"", ""template"": ""instruct-1.html""}"
debugPTGVKD:debugF4K1JJ,0,1604600776316,"{""phase"": ""INSTRUCTIONS"", ""templates"": [""instruct-1.html""], ""action"": ""Begin""}"
debugPTGVKD:debugF4K1JJ,1,1604600777650,"{""phase"": ""INSTRUCTIONS"", ""indexOf"": 0, ""viewTime"": 1331, ""action"": ""FinishInstructions"", ""template"": ""instruct-1.html""}"
debugPTGVKD:debugF4K1JJ,2,1604600777659,"{""phase"": ""demoquestionnaire"", ""status"": ""begin""}"
debugPTGVKD:debugF4K1JJ,3,1604600782100,"{""phase"": ""demoquestionnaire"", ""status"": ""submit""}"
debugT2K2OP:debugI728L2,0,1604600851346,"{""phase"": ""INSTRUCTIONS"", ""templates"": [""instruct-1.html""], ""action"": ""Begin""}"
debugT2K2OP:debugI728L2,1,1604600852701,"{""phase"": ""INSTRUCTIONS"", ""indexOf"": 0, ""viewTime"": 1353, ""action"": ""FinishInstructions"", ""template"": ""instruct-1.html""}"
debug2RPIOH:debugI6NP6F,0,1604600972855,"{""phase"": ""INSTRUCTIONS"", ""templates"": [""instruct-1.html""], ""action"": ""Begin""}"
debug2RPIOH:debugI6NP6F,1,1604600974174,"{""phase"": ""INSTRUCTIONS"", ""indexOf"": 0, ""viewTime"": 1316, ""action"": ""FinishInstructions"", ""template"": ""instruct-1.html""}"
debugBLX9MZ:debugDCEK1M,0,1604601014280,"{""phase"": ""INSTRUCTIONS"", ""templates"": [""instruct-1.html""], ""action"": ""Begin""}"
debugBLX9MZ:debugDCEK1M,1,1604601016580,"{""phase"": ""INSTRUCTIONS"", ""indexOf"": 0, ""viewTime"": 2297, ""action"": ""FinishInstructions"", ""template"": ""instruct-1.html""}"
debugBLX9MZ:debugDCEK1M,2,1604601016590,"{""phase"": ""demoquestionnaire"", ""status"": ""begin""}"
debugBLX9MZ:debugDCEK1M,3,1604601021618,"{""phase"": ""demoquestionnaire"", ""status"": ""submit""}"
debugBLX9MZ:debugDCEK1M,4,1604601021628,"{""phase"": ""vidcheck"", ""status"": ""begin""}"
debugBLX9MZ:debugDCEK1M,5,1604601022927,"{""phase"": ""vidcheck"", ""status"": ""play/pause clicked: 0""}"
debugBLX9MZ:debugDCEK1M,6,1604601033658,"{""phase"": ""vidcheck"", ""status"": ""video ended""}"
debugBLX9MZ:debugDCEK1M,7,1604601039187,"{""phase"": ""vidcheck"", ""status"": ""submit""}"
debugLP4KJC:debug605YRA,0,1604601141396,"{""phase"": ""INSTRUCTIONS"", ""templates"": [""instruct-1.html""], ""action"": ""Begin""}"
debugLP4KJC:debug605YRA,1,1604601142853,"{""phase"": ""INSTRUCTIONS"", ""indexOf"": 0, ""viewTime"": 1453, ""action"": ""FinishInstructions"", ""template"": ""instruct-1.html""}"
debug04S9KN:debugYB4FFA,0,1604601384690,"{""phase"": ""INSTRUCTIONS"", ""templates"": [""instruct-1.html""], ""action"": ""Begin""}"
debug04S9KN:debugYB4FFA,1,1604601386389,"{""phase"": ""INSTRUCTIONS"", ""indexOf"": 0, ""viewTime"": 1696, ""action"": ""FinishInstructions"", ""template"": ""instruct-1.html""}"
debugXXRFCX:debugWJ6Z6V,0,1604601490668,"{""phase"": ""INSTRUCTIONS"", ""templates"": [""instruct-1.html""], ""action"": ""Begin""}"
debugXXRFCX:debugWJ6Z6V,1,1604601492072,"{""phase"": ""INSTRUCTIONS"", ""indexOf"": 0, ""viewTime"": 1401, ""action"": ""FinishInstructions"", ""template"": ""instruct-1.html""}"
debugPBHRZ3:debugERZOSN,0,1604601685417,"{""phase"": ""INSTRUCTIONS"", ""templates"": [""instruct-1.html""], ""action"": ""Begin""}"
debugPBHRZ3:debugERZOSN,1,1604601687071,"{""phase"": ""INSTRUCTIONS"", ""indexOf"": 0, ""viewTime"": 1651, ""action"": ""FinishInstructions"", ""template"": ""instruct-1.html""}"
debugPBHRZ3:debugERZOSN,2,1604601687080,"{""phase"": ""demoquestionnaire"", ""status"": ""begin""}"
debugPBHRZ3:debugERZOSN,3,1604601691305,"{""phase"": ""demoquestionnaire"", ""status"": ""submit""}"
debug9ILJ8V:debug4Q6XR4,0,1604602110397,"{""phase"": ""INSTRUCTIONS"", ""templates"": [""instruct-1.html""], ""action"": ""Begin""}"
debug9ILJ8V:debug4Q6XR4,1,1604602111759,"{""phase"": ""INSTRUCTIONS"", ""indexOf"": 0, ""viewTime"": 1359, ""action"": ""FinishInstructions"", ""template"": ""instruct-1.html""}"
debugBWABB8:debugRYDFV4,0,1604602240954,"{""phase"": ""INSTRUCTIONS"", ""templates"": [""instruct-1.html""], ""action"": ""Begin""}"
debugBWABB8:debugRYDFV4,1,1604602242410,"{""phase"": ""INSTRUCTIONS"", ""indexOf"": 0, ""viewTime"": 1453, ""action"": ""FinishInstructions"", ""template"": ""instruct-1.html""}"
debugBWABB8:debugRYDFV4,2,1604602242417,"{""phase"": ""demoquestionnaire"", ""status"": ""begin""}"
debugBWABB8:debugRYDFV4,3,1604602248602,"{""phase"": ""demoquestionnaire"", ""status"": ""submit""}"
debugBWABB8:debugRYDFV4,4,1604602248615,"{""phase"": ""vidcheck"", ""status"": ""begin""}"
debugBWABB8:debugRYDFV4,5,1604602251535,"{""phase"": ""vidcheck"", ""status"": ""play/pause clicked: 0""}"
debugBWABB8:debugRYDFV4,6,1604602262278,"{""phase"": ""vidcheck"", ""status"": ""video ended""}"
debugBWABB8:debugRYDFV4,7,1604602263497,"{""phase"": ""vidcheck"", ""status"": ""submit""}"
debugN06SI4:debug70CU2G,0,1604602476337,"{""phase"": ""INSTRUCTIONS"", ""templates"": [""instruct-1.html""], ""action"": ""Begin""}"
debugN06SI4:debug70CU2G,1,1604602477502,"{""phase"": ""INSTRUCTIONS"", ""indexOf"": 0, ""viewTime"": 1161, ""action"": ""FinishInstructions"", ""template"": ""instruct-1.html""}"
debugN06SI4:debug70CU2G,2,1604602477508,"{""phase"": ""demoquestionnaire"", ""status"": ""begin""}"
debugN06SI4:debug70CU2G,3,1604602482998,"{""phase"": ""demoquestionnaire"", ""status"": ""submit""}"
debugN06SI4:debug70CU2G,4,1604602483004,"{""phase"": ""vidcheck"", ""status"": ""begin""}"
debugN06SI4:debug70CU2G,5,1604602484455,"{""phase"": ""vidcheck"", ""status"": ""play/pause clicked: 0""}"
debugN06SI4:debug70CU2G,6,1604602495194,"{""phase"": ""vidcheck"", ""status"": ""video ended""}"
debugN06SI4:debug70CU2G,7,1604602498544,"{""phase"": ""vidcheck"", ""status"": ""submit""}"
debugHWQP0Q:debugRF0SN5,0,1604602605826,"{""phase"": ""INSTRUCTIONS"", ""templates"": [""instruct-1.html""], ""action"": ""Begin""}"
debugHWQP0Q:debugRF0SN5,1,1604602607909,"{""phase"": ""INSTRUCTIONS"", ""indexOf"": 0, ""viewTime"": 2079, ""action"": ""FinishInstructions"", ""template"": ""instruct-1.html""}"
debug1KICA1:debugNMFRT8,0,1604602646499,"{""phase"": ""INSTRUCTIONS"", ""templates"": [""instruct-1.html""], ""action"": ""Begin""}"
debug1KICA1:debugNMFRT8,1,1604602648473,"{""phase"": ""INSTRUCTIONS"", ""indexOf"": 0, ""viewTime"": 1972, ""action"": ""FinishInstructions"", ""template"": ""instruct-1.html""}"
debugYIWCNG:debugK7BU5C,0,1604602774691,"{""phase"": ""INSTRUCTIONS"", ""templates"": [""instruct-1.html""], ""action"": ""Begin""}"
debugYIWCNG:debugK7BU5C,1,1604602776499,"{""phase"": ""INSTRUCTIONS"", ""indexOf"": 0, ""viewTime"": 1805, ""action"": ""FinishInstructions"", ""template"": ""instruct-1.html""}"
debugYIWCNG:debugK7BU5C,2,1604602776509,"{""phase"": ""demoquestionnaire"", ""status"": ""begin""}"
debugYIWCNG:debugK7BU5C,3,1604602781610,"{""phase"": ""demoquestionnaire"", ""status"": ""submit""}"
debugYIWCNG:debugK7BU5C,4,1604602781617,"{""phase"": ""vidcheck"", ""status"": ""begin""}"
debugYIWCNG:debugK7BU5C,5,1604602784209,"{""phase"": ""vidcheck"", ""status"": ""play/pause clicked: 0""}"
debugYIWCNG:debugK7BU5C,6,1604602794953,"{""phase"": ""vidcheck"", ""status"": ""video ended""}"
debugYIWCNG:debugK7BU5C,7,1604602796470,"{""phase"": ""vidcheck"", ""status"": ""submit""}"
debugRIFANJ:debugVJ3O7Y,0,1604602906774,"{""phase"": ""INSTRUCTIONS"", ""templates"": [""instruct-1.html""], ""action"": ""Begin""}"
debugRIFANJ:debugVJ3O7Y,1,1604602908039,"{""phase"": ""INSTRUCTIONS"", ""indexOf"": 0, ""viewTime"": 1261, ""action"": ""FinishInstructions"", ""template"": ""instruct-1.html""}"
debugRIFANJ:debugVJ3O7Y,2,1604602908048,"{""phase"": ""demoquestionnaire"", ""status"": ""begin""}"
debugRIFANJ:debugVJ3O7Y,3,1604602912172,"{""phase"": ""demoquestionnaire"", ""status"": ""submit""}"
debugRIFANJ:debugVJ3O7Y,4,1604602912182,"{""phase"": ""vidcheck"", ""status"": ""begin""}"
debugRIFANJ:debugVJ3O7Y,5,1604602913533,"{""phase"": ""vidcheck"", ""status"": ""play/pause clicked: 0""}"
debugRIFANJ:debugVJ3O7Y,6,1604602924276,"{""phase"": ""vidcheck"", ""status"": ""video ended""}"
debugRIFANJ:debugVJ3O7Y,7,1604602925051,"{""phase"": ""vidcheck"", ""status"": ""submit""}"
debug5C4M1B:debugAG6N4Q,0,1604603092020,"{""phase"": ""INSTRUCTIONS"", ""templates"": [""instruct-1.html""], ""action"": ""Begin""}"
debug5C4M1B:debugAG6N4Q,1,1604603093672,"{""phase"": ""INSTRUCTIONS"", ""indexOf"": 0, ""viewTime"": 1648, ""action"": ""FinishInstructions"", ""template"": ""instruct-1.html""}"
debugE5MY30:debugSNR4W5,0,1604603302786,"{""phase"": ""INSTRUCTIONS"", ""templates"": [""instruct-1.html""], ""action"": ""Begin""}"
debugE5MY30:debugSNR4W5,1,1604603304030,"{""phase"": ""INSTRUCTIONS"", ""indexOf"": 0, ""viewTime"": 1241, ""action"": ""FinishInstructions"", ""template"": ""instruct-1.html""}"
debugE5MY30:debugSNR4W5,2,1604603304040,"{""phase"": ""demoquestionnaire"", ""status"": ""begin""}"
debugE5MY30:debugSNR4W5,3,1604603308647,"{""phase"": ""demoquestionnaire"", ""status"": ""submit""}"
debugE5MY30:debugSNR4W5,4,1604603308656,"{""phase"": ""vidcheck"", ""status"": ""begin""}"
debugE5MY30:debugSNR4W5,5,1604603311012,"{""phase"": ""vidcheck"", ""status"": ""play/pause clicked: 0""}"
debugE5MY30:debugSNR4W5,6,1604603321736,"{""phase"": ""vidcheck"", ""status"": ""video ended""}"
debugE5MY30:debugSNR4W5,7,1604603330104,"{""phase"": ""vidcheck"", ""status"": ""submit""}"
debugBW41KU:debug6ZFL1P,0,1604603441434,"{""phase"": ""INSTRUCTIONS"", ""templates"": [""instruct-1.html""], ""action"": ""Begin""}"
debugBW41KU:debug6ZFL1P,1,1604603442944,"{""phase"": ""INSTRUCTIONS"", ""indexOf"": 0, ""viewTime"": 1506, ""action"": ""FinishInstructions"", ""template"": ""instruct-1.html""}"
debugBW41KU:debug6ZFL1P,2,1604603442952,"{""phase"": ""demoquestionnaire"", ""status"": ""begin""}"
debugBW41KU:debug6ZFL1P,3,1604603447132,"{""phase"": ""demoquestionnaire"", ""status"": ""submit""}"
debugBW41KU:debug6ZFL1P,4,1604603447144,"{""phase"": ""vidcheck"", ""status"": ""begin""}"
debugBW41KU:debug6ZFL1P,5,1604603448497,"{""phase"": ""vidcheck"", ""status"": ""play/pause clicked: 0""}"
debugBW41KU:debug6ZFL1P,6,1604603459220,"{""phase"": ""vidcheck"", ""status"": ""video ended""}"
debugBW41KU:debug6ZFL1P,7,1604603507703,"{""phase"": ""vidcheck"", ""status"": ""submit""}"
debugLBOOBZ:debugB28DR2,0,1604603960419,"{""phase"": ""INSTRUCTIONS"", ""templates"": [""instruct-1.html""], ""action"": ""Begin""}"
debugLBOOBZ:debugB28DR2,1,1604603961873,"{""phase"": ""INSTRUCTIONS"", ""indexOf"": 0, ""viewTime"": 1451, ""action"": ""FinishInstructions"", ""template"": ""instruct-1.html""}"
debugLBOOBZ:debugB28DR2,2,1604603961881,"{""phase"": ""demoquestionnaire"", ""status"": ""begin""}"
debugLBOOBZ:debugB28DR2,3,1604603966947,"{""phase"": ""demoquestionnaire"", ""status"": ""submit""}"
debugLBOOBZ:debugB28DR2,4,1604603966957,"{""phase"": ""vidcheck"", ""status"": ""begin""}"
debugLBOOBZ:debugB28DR2,5,1604603968489,"{""phase"": ""vidcheck"", ""status"": ""play/pause clicked: 0""}"
debugLBOOBZ:debugB28DR2,6,1604603979225,"{""phase"": ""vidcheck"", ""status"": ""video ended""}"
debugLBOOBZ:debugB28DR2,7,1604603980126,"{""phase"": ""vidcheck"", ""status"": ""submit""}"
debugZ4DQDG:debug57CWZX,0,1604604203293,"{""phase"": ""INSTRUCTIONS"", ""templates"": [""instruct-1.html""], ""action"": ""Begin""}"
debugZ4DQDG:debug57CWZX,1,1604604204599,"{""phase"": ""INSTRUCTIONS"", ""indexOf"": 0, ""viewTime"": 1304, ""action"": ""FinishInstructions"", ""template"": ""instruct-1.html""}"
debugZ4DQDG:debug57CWZX,2,1604604204608,"{""phase"": ""demoquestionnaire"", ""status"": ""begin""}"
debugZ4DQDG:debug57CWZX,3,1604604210031,"{""phase"": ""demoquestionnaire"", ""status"": ""submit""}"
debugZ4DQDG:debug57CWZX,4,1604604210041,"{""phase"": ""vidcheck"", ""status"": ""begin""}"
debugZ4DQDG:debug57CWZX,5,1604604211267,"{""phase"": ""vidcheck"", ""status"": ""play/pause clicked: 0""}"
debugZ4DQDG:debug57CWZX,6,1604604222001,"{""phase"": ""vidcheck"", ""status"": ""video ended""}"
debugZ4DQDG:debug57CWZX,7,1604604222876,"{""phase"": ""vidcheck"", ""status"": ""submit""}"
debugGDBK84:debugBRLG7G,0,1604604382874,"{""phase"": ""INSTRUCTIONS"", ""templates"": [""instruct-1.html""], ""action"": ""Begin""}"
debugGDBK84:debugBRLG7G,1,1604604384167,"{""phase"": ""INSTRUCTIONS"", ""indexOf"": 0, ""viewTime"": 1290, ""action"": ""FinishInstructions"", ""template"": ""instruct-1.html""}"
debugGDBK84:debugBRLG7G,2,1604604384175,"{""phase"": ""demoquestionnaire"", ""status"": ""begin""}"
debugGDBK84:debugBRLG7G,3,1604604389310,"{""phase"": ""demoquestionnaire"", ""status"": ""submit""}"
debugGDBK84:debugBRLG7G,4,1604604389320,"{""phase"": ""vidcheck"", ""status"": ""begin""}"
debugGDBK84:debugBRLG7G,5,1604604390667,"{""phase"": ""vidcheck"", ""status"": ""play/pause clicked: 0""}"
debugGDBK84:debugBRLG7G,6,1604604401408,"{""phase"": ""vidcheck"", ""status"": ""video ended""}"
debugGDBK84:debugBRLG7G,7,1604604402073,"{""phase"": ""vidcheck"", ""status"": ""submit""}"
debugBDWY8J:debug409R5C,0,1604605239759,"{""phase"": ""INSTRUCTIONS"", ""templates"": [""instruct-1.html""], ""action"": ""Begin""}"
debugBDWY8J:debug409R5C,1,1604605241202,"{""phase"": ""INSTRUCTIONS"", ""indexOf"": 0, ""viewTime"": 1440, ""action"": ""FinishInstructions"", ""template"": ""instruct-1.html""}"
debugBDWY8J:debug409R5C,2,1604605241212,"{""phase"": ""demoquestionnaire"", ""status"": ""begin""}"
debugBDWY8J:debug409R5C,3,1604605247496,"{""phase"": ""demoquestionnaire"", ""status"": ""submit""}"
debugBDWY8J:debug409R5C,4,1604605247508,"{""phase"": ""vidcheck"", ""status"": ""begin""}"
debugBDWY8J:debug409R5C,5,1604605248648,"{""phase"": ""vidcheck"", ""status"": ""play/pause clicked: 0""}"
debugBDWY8J:debug409R5C,6,1604605259395,"{""phase"": ""vidcheck"", ""status"": ""video ended""}"
debugBDWY8J:debug409R5C,7,1604605261400,"{""phase"": ""vidcheck"", ""status"": ""submit""}"
debugV8N0FD:debugVTJCF7,0,1604605378151,"{""phase"": ""INSTRUCTIONS"", ""templates"": [""instruct-1.html""], ""action"": ""Begin""}"
debugV8N0FD:debugVTJCF7,1,1604605379445,"{""phase"": ""INSTRUCTIONS"", ""indexOf"": 0, ""viewTime"": 1291, ""action"": ""FinishInstructions"", ""template"": ""instruct-1.html""}"
debugV8N0FD:debugVTJCF7,2,1604605379454,"{""phase"": ""demoquestionnaire"", ""status"": ""begin""}"
debugV8N0FD:debugVTJCF7,3,1604605383816,"{""phase"": ""demoquestionnaire"", ""status"": ""submit""}"
debugV8N0FD:debugVTJCF7,4,1604605383824,"{""phase"": ""vidcheck"", ""status"": ""begin""}"
debugV8N0FD:debugVTJCF7,5,1604605385009,"{""phase"": ""vidcheck"", ""status"": ""play/pause clicked: 0""}"
debugV8N0FD:debugVTJCF7,6,1604605395737,"{""phase"": ""vidcheck"", ""status"": ""video ended""}"
debugV8N0FD:debugVTJCF7,7,1604605398796,"{""phase"": ""vidcheck"", ""status"": ""submit""}"
debugBRFKJK:debugEAEQ0I,0,1604605716215,"{""phase"": ""INSTRUCTIONS"", ""templates"": [""instruct-1.html""], ""action"": ""Begin""}"
debugBRFKJK:debugEAEQ0I,1,1604605717500,"{""phase"": ""INSTRUCTIONS"", ""indexOf"": 0, ""viewTime"": 1282, ""action"": ""FinishInstructions"", ""template"": ""instruct-1.html""}"
debugBRFKJK:debugEAEQ0I,2,1604605717509,"{""phase"": ""demoquestionnaire"", ""status"": ""begin""}"
debugBRFKJK:debugEAEQ0I,3,1604605721778,"{""phase"": ""demoquestionnaire"", ""status"": ""submit""}"
debugBRFKJK:debugEAEQ0I,4,1604605721786,"{""phase"": ""vidcheck"", ""status"": ""begin""}"
debugBRFKJK:debugEAEQ0I,5,1604605723157,"{""phase"": ""vidcheck"", ""status"": ""play/pause clicked: 0""}"
debugBRFKJK:debugEAEQ0I,6,1604605733891,"{""phase"": ""vidcheck"", ""status"": ""video ended""}"
debugBRFKJK:debugEAEQ0I,7,1604605735711,"{""phase"": ""vidcheck"", ""status"": ""submit""}"
debug4QT59Q:debugHPYHVH,0,1604605818935,"{""phase"": ""INSTRUCTIONS"", ""templates"": [""instruct-1.html""], ""action"": ""Begin""}"
debug4QT59Q:debugHPYHVH,1,1604605820481,"{""phase"": ""INSTRUCTIONS"", ""indexOf"": 0, ""viewTime"": 1543, ""action"": ""FinishInstructions"", ""template"": ""instruct-1.html""}"
debug4QT59Q:debugHPYHVH,2,1604605820486,"{""phase"": ""demoquestionnaire"", ""status"": ""begin""}"
debug4QT59Q:debugHPYHVH,3,1604605824552,"{""phase"": ""demoquestionnaire"", ""status"": ""submit""}"
debug4QT59Q:debugHPYHVH,4,1604605824562,"{""phase"": ""vidcheck"", ""status"": ""begin""}"
debug4QT59Q:debugHPYHVH,5,1604605825903,"{""phase"": ""vidcheck"", ""status"": ""play/pause clicked: 0""}"
debug4QT59Q:debugHPYHVH,6,1604605836637,"{""phase"": ""vidcheck"", ""status"": ""video ended""}"
debug4QT59Q:debugHPYHVH,7,1604605837338,"{""phase"": ""vidcheck"", ""status"": ""submit""}"
debug3LSQ4V:debug8OP0K0,0,1604605898337,"{""phase"": ""INSTRUCTIONS"", ""templates"": [""instruct-1.html""], ""action"": ""Begin""}"
debug3LSQ4V:debug8OP0K0,1,1604605899432,"{""phase"": ""INSTRUCTIONS"", ""indexOf"": 0, ""viewTime"": 1091, ""action"": ""FinishInstructions"", ""template"": ""instruct-1.html""}"
debug4OLET9:debug5D0E7U,0,1604607048944,"{""phase"": ""INSTRUCTIONS"", ""templates"": [""instruct-1.html""], ""action"": ""Begin""}"
debug4OLET9:debug5D0E7U,1,1604607050222,"{""phase"": ""INSTRUCTIONS"", ""indexOf"": 0, ""viewTime"": 1275, ""action"": ""FinishInstructions"", ""template"": ""instruct-1.html""}"
debugILDGMO:debugY2DH37,0,1604607102827,"{""phase"": ""INSTRUCTIONS"", ""templates"": [""instruct-1.html""], ""action"": ""Begin""}"
debugILDGMO:debugY2DH37,1,1604607104084,"{""phase"": ""INSTRUCTIONS"", ""indexOf"": 0, ""viewTime"": 1254, ""action"": ""FinishInstructions"", ""template"": ""instruct-1.html""}"
debugILDGMO:debugY2DH37,2,1604607104092,"{""phase"": ""demoquestionnaire"", ""status"": ""begin""}"
debugILDGMO:debugY2DH37,3,1604607109337,"{""phase"": ""demoquestionnaire"", ""status"": ""submit""}"
debugILDGMO:debugY2DH37,4,1604607109347,"{""phase"": ""vidcheck"", ""status"": ""begin""}"
debugILDGMO:debugY2DH37,5,1604607111500,"{""phase"": ""vidcheck"", ""status"": ""play/pause clicked: 0""}"
debugILDGMO:debugY2DH37,6,1604607122245,"{""phase"": ""vidcheck"", ""status"": ""video ended""}"
debugILDGMO:debugY2DH37,7,1604607126195,"{""phase"": ""vidcheck"", ""status"": ""submit""}"
debugP93O4K:debugPTPSIV,0,1604607703760,"{""phase"": ""INSTRUCTIONS"", ""templates"": [""instruct-1.html""], ""action"": ""Begin""}"
debugP93O4K:debugPTPSIV,1,1604607706580,"{""phase"": ""INSTRUCTIONS"", ""indexOf"": 0, ""viewTime"": 2817, ""action"": ""FinishInstructions"", ""template"": ""instruct-1.html""}"
debugP93O4K:debugPTPSIV,2,1604607706589,"{""phase"": ""demoquestionnaire"", ""status"": ""begin""}"
debugP93O4K:debugPTPSIV,3,1604607711636,"{""phase"": ""demoquestionnaire"", ""status"": ""submit""}"
debugP93O4K:debugPTPSIV,4,1604607711645,"{""phase"": ""vidcheck"", ""status"": ""begin""}"
debugP93O4K:debugPTPSIV,5,1604607713117,"{""phase"": ""vidcheck"", ""status"": ""play/pause clicked: 0""}"
debugP93O4K:debugPTPSIV,6,1604607723846,"{""phase"": ""vidcheck"", ""status"": ""video ended""}"
debugP93O4K:debugPTPSIV,7,1604607725075,"{""phase"": ""vidcheck"", ""status"": ""submit""}"
debugQXAZ2U:debugTEQZKT,0,1604607938509,"{""phase"": ""INSTRUCTIONS"", ""templates"": [""instruct-1.html""], ""action"": ""Begin""}"
debugQXAZ2U:debugTEQZKT,1,1604607940089,"{""phase"": ""INSTRUCTIONS"", ""indexOf"": 0, ""viewTime"": 1577, ""action"": ""FinishInstructions"", ""template"": ""instruct-1.html""}"
debugQXAZ2U:debugTEQZKT,2,1604607940098,"{""phase"": ""demoquestionnaire"", ""status"": ""begin""}"
debugQXAZ2U:debugTEQZKT,3,1604607946648,"{""phase"": ""demoquestionnaire"", ""status"": ""submit""}"
debugQXAZ2U:debugTEQZKT,4,1604607946659,"{""phase"": ""vidcheck"", ""status"": ""begin""}"
debugQXAZ2U:debugTEQZKT,5,1604607948024,"{""phase"": ""vidcheck"", ""status"": ""play/pause clicked: 0""}"
debugQXAZ2U:debugTEQZKT,6,1604607958756,"{""phase"": ""vidcheck"", ""status"": ""video ended""}"
debugQXAZ2U:debugTEQZKT,7,1604607960631,"{""phase"": ""vidcheck"", ""status"": ""submit""}"
debugQ32LD0:debugOS8AWC,0,1604608076282,"{""phase"": ""INSTRUCTIONS"", ""templates"": [""instruct-1.html""], ""action"": ""Begin""}"
debugQ32LD0:debugOS8AWC,1,1604608077552,"{""phase"": ""INSTRUCTIONS"", ""indexOf"": 0, ""viewTime"": 1268, ""action"": ""FinishInstructions"", ""template"": ""instruct-1.html""}"
debugNPGA89:debug4YJWBY,0,1604608112726,"{""phase"": ""INSTRUCTIONS"", ""templates"": [""instruct-1.html""], ""action"": ""Begin""}"
debugNPGA89:debug4YJWBY,1,1604608114682,"{""phase"": ""INSTRUCTIONS"", ""indexOf"": 0, ""viewTime"": 1953, ""action"": ""FinishInstructions"", ""template"": ""instruct-1.html""}"
debugNPGA89:debug4YJWBY,2,1604608114691,"{""phase"": ""demoquestionnaire"", ""status"": ""begin""}"
debugNPGA89:debug4YJWBY,3,1604608120177,"{""phase"": ""demoquestionnaire"", ""status"": ""submit""}"
debugNPGA89:debug4YJWBY,4,1604608120190,"{""phase"": ""vidcheck"", ""status"": ""begin""}"
debugNPGA89:debug4YJWBY,5,1604608121600,"{""phase"": ""vidcheck"", ""status"": ""play/pause clicked: 0""}"
debugNPGA89:debug4YJWBY,6,1604608132341,"{""phase"": ""vidcheck"", ""status"": ""video ended""}"
debugNPGA89:debug4YJWBY,7,1604608133120,"{""phase"": ""vidcheck"", ""status"": ""submit""}"
debugEWYK9P:debugK4HHDA,0,1604608331955,"{""action"": ""Begin"", ""phase"": ""INSTRUCTIONS"", ""templates"": [""instruct-1.html""]}"
debugEWYK9P:debugK4HHDA,1,1604608333331,"{""action"": ""FinishInstructions"", ""indexOf"": 0, ""viewTime"": 1372, ""phase"": ""INSTRUCTIONS"", ""template"": ""instruct-1.html""}"
debugEWYK9P:debugK4HHDA,2,1604608333340,"{""phase"": ""demoquestionnaire"", ""status"": ""begin""}"
debugEWYK9P:debugK4HHDA,3,1604608337657,"{""phase"": ""demoquestionnaire"", ""status"": ""submit""}"
debugEWYK9P:debugK4HHDA,4,1604608337667,"{""phase"": ""vidcheck"", ""status"": ""begin""}"
debugEWYK9P:debugK4HHDA,5,1604608338951,"{""phase"": ""vidcheck"", ""status"": ""play/pause clicked: 0""}"
debugEWYK9P:debugK4HHDA,6,1604608349675,"{""phase"": ""vidcheck"", ""status"": ""video ended""}"
debugEWYK9P:debugK4HHDA,7,1604608350508,"{""phase"": ""vidcheck"", ""status"": ""submit""}"
debugEWYK9P:debugK4HHDA,8,1604608379932,"{""phase"": ""INSTRUCTIONS"", ""templates"": [""instruct-1.html""], ""action"": ""Begin""}"
debugEWYK9P:debugK4HHDA,9,1604608381184,"{""phase"": ""INSTRUCTIONS"", ""indexOf"": 0, ""viewTime"": 1248, ""action"": ""FinishInstructions"", ""template"": ""instruct-1.html""}"
debugEWYK9P:debugK4HHDA,10,1604608381194,"{""phase"": ""demoquestionnaire"", ""status"": ""begin""}"
debugEWYK9P:debugK4HHDA,11,1604608386737,"{""phase"": ""demoquestionnaire"", ""status"": ""submit""}"
debug4FGUIX:debug7J4IJL,0,1604616616343,"{""phase"": ""INSTRUCTIONS"", ""templates"": [""instruct-1.html""], ""action"": ""Begin""}"
debug4FGUIX:debug7J4IJL,1,1604616617565,"{""phase"": ""INSTRUCTIONS"", ""indexOf"": 0, ""viewTime"": 1220, ""action"": ""FinishInstructions"", ""template"": ""instruct-1.html""}"
debug4FGUIX:debug7J4IJL,2,1604616617573,"{""phase"": ""demoquestionnaire"", ""status"": ""begin""}"
debug4FGUIX:debug7J4IJL,3,1604616622396,"{""phase"": ""demoquestionnaire"", ""status"": ""submit""}"
debugOL98PQ:debugYEXWKH,0,1604616727727,"{""phase"": ""INSTRUCTIONS"", ""templates"": [""instruct-1.html""], ""action"": ""Begin""}"
debugOL98PQ:debugYEXWKH,1,1604616728806,"{""phase"": ""INSTRUCTIONS"", ""indexOf"": 0, ""viewTime"": 1077, ""action"": ""FinishInstructions"", ""template"": ""instruct-1.html""}"
debugOL98PQ:debugYEXWKH,2,1604616728813,"{""phase"": ""demoquestionnaire"", ""status"": ""begin""}"
debugOL98PQ:debugYEXWKH,3,1604616733260,"{""phase"": ""demoquestionnaire"", ""status"": ""submit""}"
debugV255LY:debug5TFOK4,0,1604617477328,"{""phase"": ""INSTRUCTIONS"", ""templates"": [""instruct-1.html""], ""action"": ""Begin""}"
debugV255LY:debug5TFOK4,1,1604617478609,"{""phase"": ""INSTRUCTIONS"", ""indexOf"": 0, ""viewTime"": 1277, ""action"": ""FinishInstructions"", ""template"": ""instruct-1.html""}"
debugOCLQDG:debugF1BCO8,0,1604617506664,"{""phase"": ""INSTRUCTIONS"", ""templates"": [""instruct-1.html""], ""action"": ""Begin""}"
debugOCLQDG:debugF1BCO8,1,1604617507852,"{""phase"": ""INSTRUCTIONS"", ""indexOf"": 0, ""viewTime"": 1186, ""action"": ""FinishInstructions"", ""template"": ""instruct-1.html""}"
debugOCLQDG:debugF1BCO8,2,1604617507860,"{""phase"": ""demoquestionnaire"", ""status"": ""begin""}"
debugOCLQDG:debugF1BCO8,3,1604617512169,"{""phase"": ""demoquestionnaire"", ""status"": ""submit""}"
debug5Y7WCO:debug3A8QIX,0,1604618183691,"{""phase"": ""INSTRUCTIONS"", ""templates"": [""instruct-1.html""], ""action"": ""Begin""}"
debug5Y7WCO:debug3A8QIX,1,1604618185092,"{""phase"": ""INSTRUCTIONS"", ""indexOf"": 0, ""viewTime"": 1399, ""action"": ""FinishInstructions"", ""template"": ""instruct-1.html""}"
debug5Y7WCO:debug3A8QIX,2,1604618185100,"{""phase"": ""demoquestionnaire"", ""status"": ""begin""}"
debug5Y7WCO:debug3A8QIX,3,1604618190113,"{""phase"": ""demoquestionnaire"", ""status"": ""submit""}"
debug5VQPOB:debug5RXTLP,0,1604618884741,"{""phase"": ""INSTRUCTIONS"", ""templates"": [""instruct-1.html""], ""action"": ""Begin""}"
debug5VQPOB:debug5RXTLP,1,1604618885896,"{""phase"": ""INSTRUCTIONS"", ""indexOf"": 0, ""viewTime"": 1152, ""action"": ""FinishInstructions"", ""template"": ""instruct-1.html""}"
debugNKOLHQ:debug33RI0B,0,1604618916134,"{""phase"": ""INSTRUCTIONS"", ""templates"": [""instruct-1.html""], ""action"": ""Begin""}"
debugNKOLHQ:debug33RI0B,1,1604618917350,"{""phase"": ""INSTRUCTIONS"", ""indexOf"": 0, ""viewTime"": 1212, ""action"": ""FinishInstructions"", ""template"": ""instruct-1.html""}"
debugIZCX9L:debug3YFZ07,0,1604619153117,"{""phase"": ""INSTRUCTIONS"", ""templates"": [""instruct-1.html""], ""action"": ""Begin""}"
debugIZCX9L:debug3YFZ07,1,1604619154270,"{""phase"": ""INSTRUCTIONS"", ""indexOf"": 0, ""viewTime"": 1150, ""action"": ""FinishInstructions"", ""template"": ""instruct-1.html""}"
debugIZCX9L:debug3YFZ07,2,1604619154279,"{""phase"": ""demoquestionnaire"", ""status"": ""begin""}"
debugIZCX9L:debug3YFZ07,3,1604619159956,"{""phase"": ""demoquestionnaire"", ""status"": ""submit""}"
debugIZCX9L:debug3YFZ07,4,1604619159966,"{""phase"": ""vidcheck"", ""status"": ""begin""}"
debugIZCX9L:debug3YFZ07,5,1604619161012,"{""phase"": ""vidcheck"", ""status"": ""play/pause clicked: 0""}"
debugIZCX9L:debug3YFZ07,6,1604619171756,"{""phase"": ""vidcheck"", ""status"": ""video ended""}"
debugIZCX9L:debug3YFZ07,7,1604619201397,"{""phase"": ""vidcheck"", ""status"": ""submit""}"
debugIZCX9L:debug3YFZ07,8,1604619201402,"{""phase"": ""response_video"", ""status"": ""begin""}"
debugIZCX9L:debug3YFZ07,9,1604619202579,"{""phase"": ""response_video"", ""status"": ""play/pause clicked: 0""}"
debugIZCX9L:debug3YFZ07,10,1604619279680,"{""phase"": ""response_video"", ""status"": ""video ended""}"
debugIZCX9L:debug3YFZ07,11,1604619293555,"{""phase"": ""response_video"", ""status"": ""submit""}"
debugIZCX9L:debug3YFZ07,12,1604619293557,"{""phase"": ""questions"", ""status"": ""begin""}"
debugIZCX9L:debug3YFZ07,13,1604619297827,"{""phase"": ""questions_/static/videos/Path1_3rdPerson"", ""status"": ""submit""}"
debugIZCX9L:debug3YFZ07,14,1604619297831,"{""phase"": ""response_video"", ""status"": ""begin""}"
debugIZCX9L:debug3YFZ07,15,1604619299281,"{""phase"": ""response_video"", ""status"": ""play/pause clicked: 0""}"
debugIZCX9L:debug3YFZ07,16,1604619381703,"{""phase"": ""response_video"", ""status"": ""video ended""}"
debugIZCX9L:debug3YFZ07,17,1604619382823,"{""phase"": ""response_video"", ""status"": ""submit""}"
debugIZCX9L:debug3YFZ07,18,1604619382826,"{""phase"": ""questions"", ""status"": ""begin""}"
debugIZCX9L:debug3YFZ07,19,1604619386926,"{""phase"": ""questions_/static/videos/Path1_2ndPerson"", ""status"": ""submit""}"
debugIZCX9L:debug3YFZ07,20,1604619386929,"{""phase"": ""response_video"", ""status"": ""begin""}"
debugIZCX9L:debug3YFZ07,21,1604619391339,"{""phase"": ""response_video"", ""status"": ""play/pause clicked: 0""}"
debugIZCX9L:debug3YFZ07,22,1604619470890,"{""phase"": ""response_video"", ""status"": ""video ended""}"
debugIZCX9L:debug3YFZ07,23,1604619475099,"{""phase"": ""response_video"", ""status"": ""submit""}"
debugIZCX9L:debug3YFZ07,24,1604619475104,"{""phase"": ""questions"", ""status"": ""begin""}"
debugIZCX9L:debug3YFZ07,25,1604619481539,"{""phase"": ""questions_/static/videos/Path2_3rdPerson"", ""status"": ""submit""}"
debugIZCX9L:debug3YFZ07,26,1604619481543,"{""phase"": ""response_video"", ""status"": ""begin""}"
debugIZCX9L:debug3YFZ07,27,1604619482707,"{""phase"": ""response_video"", ""status"": ""play/pause clicked: 0""}"
debugIZCX9L:debug3YFZ07,28,1604619561082,"{""phase"": ""response_video"", ""status"": ""video ended""}"
debugIZCX9L:debug3YFZ07,29,1604619562012,"{""phase"": ""response_video"", ""status"": ""submit""}"
debugIZCX9L:debug3YFZ07,30,1604619562015,"{""phase"": ""questions"", ""status"": ""begin""}"
debugIZCX9L:debug3YFZ07,31,1604619568326,"{""phase"": ""questions_/static/videos/Path2_2ndPerson"", ""status"": ""submit""}"
debugIZCX9L:debug3YFZ07,32,1604619568329,"{""phase"": ""last_questions"", ""status"": ""begin""}"
debugIZCX9L:debug3YFZ07,33,1604619577954,"{""phase"": ""final_question"", ""status"": ""submit""}"
debugIZCX9L:debug3YFZ07,34,1604619577957,"{""phase"": ""checkquestion"", ""status"": ""begin""}"
debugIZCX9L:debug3YFZ07,35,1604619581210,"{""phase"": ""checkquestion"", ""status"": ""submit""}"
debugBNTP2Y:debugOO7Q0I,0,1604620435849,"{""action"": ""Begin"", ""phase"": ""INSTRUCTIONS"", ""templates"": [""instruct-1.html""]}"
debugBNTP2Y:debugOO7Q0I,1,1604620437205,"{""action"": ""FinishInstructions"", ""indexOf"": 0, ""viewTime"": 1353, ""phase"": ""INSTRUCTIONS"", ""template"": ""instruct-1.html""}"
debugBNTP2Y:debugOO7Q0I,2,1604620437213,"{""phase"": ""demoquestionnaire"", ""status"": ""begin""}"
debugBNTP2Y:debugOO7Q0I,3,1604620442318,"{""phase"": ""demoquestionnaire"", ""status"": ""submit""}"
debugBNTP2Y:debugOO7Q0I,4,1604620609052,"{""phase"": ""INSTRUCTIONS"", ""templates"": [""instruct-1.html""], ""action"": ""Begin""}"
debugBNTP2Y:debugOO7Q0I,5,1604620610328,"{""phase"": ""INSTRUCTIONS"", ""indexOf"": 0, ""viewTime"": 1274, ""action"": ""FinishInstructions"", ""template"": ""instruct-1.html""}"
debugBNTP2Y:debugOO7Q0I,6,1604620610338,"{""phase"": ""demoquestionnaire"", ""status"": ""begin""}"
debugBNTP2Y:debugOO7Q0I,7,1604620614830,"{""phase"": ""demoquestionnaire"", ""status"": ""submit""}"
debugBNTP2Y:debugOO7Q0I,8,1604620614840,"{""phase"": ""vidcheck"", ""status"": ""begin""}"
debugBNTP2Y:debugOO7Q0I,9,1604620616381,"{""phase"": ""vidcheck"", ""status"": ""play/pause clicked: 0""}"
debugBNTP2Y:debugOO7Q0I,10,1604620627100,"{""phase"": ""vidcheck"", ""status"": ""video ended""}"
debugBNTP2Y:debugOO7Q0I,11,1604620637854,"{""phase"": ""vidcheck"", ""status"": ""submit""}"
debugBNTP2Y:debugOO7Q0I,12,1604620637859,"{""phase"": ""response_video"", ""status"": ""begin""}"
debugBNTP2Y:debugOO7Q0I,13,1604620639205,"{""phase"": ""response_video"", ""status"": ""play/pause clicked: 0""}"
debugBNTP2Y:debugOO7Q0I,14,1604620718643,"{""phase"": ""response_video"", ""status"": ""video ended""}"
debugBNTP2Y:debugOO7Q0I,15,1604620719813,"{""phase"": ""response_video"", ""status"": ""submit""}"
debugBNTP2Y:debugOO7Q0I,16,1604620719815,"{""phase"": ""questions"", ""status"": ""begin""}"
debugBNTP2Y:debugOO7Q0I,17,1604620732450,"{""phase"": ""questions_/static/videos/Path2_3rdPerson"", ""status"": ""submit""}"
debugBNTP2Y:debugOO7Q0I,18,1604620732454,"{""phase"": ""response_video"", ""status"": ""begin""}"
debugBNTP2Y:debugOO7Q0I,19,1604620734028,"{""phase"": ""response_video"", ""status"": ""play/pause clicked: 0""}"
debugBNTP2Y:debugOO7Q0I,20,1604620812410,"{""phase"": ""response_video"", ""status"": ""video ended""}"
debugBNTP2Y:debugOO7Q0I,21,1604620815115,"{""phase"": ""response_video"", ""status"": ""submit""}"
debugBNTP2Y:debugOO7Q0I,22,1604620815117,"{""phase"": ""questions"", ""status"": ""begin""}"
debugBNTP2Y:debugOO7Q0I,23,1604620820268,"{""phase"": ""questions_/static/videos/Path2_2ndPerson"", ""status"": ""submit""}"
debugBNTP2Y:debugOO7Q0I,24,1604620820272,"{""phase"": ""response_video"", ""status"": ""begin""}"
debugBNTP2Y:debugOO7Q0I,25,1604620822066,"{""phase"": ""response_video"", ""status"": ""play/pause clicked: 0""}"
debugBNTP2Y:debugOO7Q0I,26,1604620899195,"{""phase"": ""response_video"", ""status"": ""video ended""}"
debugBNTP2Y:debugOO7Q0I,27,1604620904405,"{""phase"": ""response_video"", ""status"": ""submit""}"
debugBNTP2Y:debugOO7Q0I,28,1604620904407,"{""phase"": ""questions"", ""status"": ""begin""}"
debugBNTP2Y:debugOO7Q0I,29,1604620909231,"{""phase"": ""questions_/static/videos/Path1_3rdPerson"", ""status"": ""submit""}"
debugBNTP2Y:debugOO7Q0I,30,1604620909236,"{""phase"": ""response_video"", ""status"": ""begin""}"
debugBNTP2Y:debugOO7Q0I,31,1604620910500,"{""phase"": ""response_video"", ""status"": ""play/pause clicked: 0""}"
debugBNTP2Y:debugOO7Q0I,32,1604620992803,"{""phase"": ""response_video"", ""status"": ""video ended""}"
debugBNTP2Y:debugOO7Q0I,33,1604621002673,"{""phase"": ""response_video"", ""status"": ""submit""}"
debugBNTP2Y:debugOO7Q0I,34,1604621002676,"{""phase"": ""questions"", ""status"": ""begin""}"
debugBNTP2Y:debugOO7Q0I,35,1604621008580,"{""phase"": ""questions_/static/videos/Path1_2ndPerson"", ""status"": ""submit""}"
debugBNTP2Y:debugOO7Q0I,36,1604621008583,"{""phase"": ""last_questions"", ""status"": ""begin""}"
debugBNTP2Y:debugOO7Q0I,37,1604621016633,"{""phase"": ""final_question"", ""status"": ""submit""}"
debugBNTP2Y:debugOO7Q0I,38,1604621016635,"{""phase"": ""checkquestion"", ""status"": ""begin""}"
debugBNTP2Y:debugOO7Q0I,39,1604621019266,"{""phase"": ""checkquestion"", ""status"": ""submit""}"
debug44CHJV:debugTF2N91,0,1604622269897,"{""phase"": ""INSTRUCTIONS"", ""templates"": [""instruct-1.html""], ""action"": ""Begin""}"
debug44CHJV:debugTF2N91,1,1604622271424,"{""phase"": ""INSTRUCTIONS"", ""indexOf"": 0, ""viewTime"": 1524, ""action"": ""FinishInstructions"", ""template"": ""instruct-1.html""}"
debug44CHJV:debugTF2N91,2,1604622271431,"{""phase"": ""demoquestionnaire"", ""status"": ""begin""}"
debug44CHJV:debugTF2N91,3,1604622275882,"{""phase"": ""demoquestionnaire"", ""status"": ""submit""}"
debugC00Z6L:debugJBHNW1,0,1604623137775,"{""phase"": ""INSTRUCTIONS"", ""templates"": [""instruct-1.html""], ""action"": ""Begin""}"
debugC00Z6L:debugJBHNW1,1,1604623139047,"{""phase"": ""INSTRUCTIONS"", ""indexOf"": 0, ""viewTime"": 1266, ""action"": ""FinishInstructions"", ""template"": ""instruct-1.html""}"
debugC00Z6L:debugJBHNW1,2,1604623139053,"{""phase"": ""demoquestionnaire"", ""status"": ""begin""}"
debugC00Z6L:debugJBHNW1,3,1604623144257,"{""phase"": ""demoquestionnaire"", ""status"": ""submit""}"
debugC00Z6L:debugJBHNW1,4,1604623144262,"{""phase"": ""vidcheck"", ""status"": ""begin""}"
debugC00Z6L:debugJBHNW1,5,1604623145504,"{""phase"": ""vidcheck"", ""status"": ""play/pause clicked: 0""}"
debugC00Z6L:debugJBHNW1,6,1604623156251,"{""phase"": ""vidcheck"", ""status"": ""video ended""}"
debugC00Z6L:debugJBHNW1,7,1604623158971,"{""phase"": ""vidcheck"", ""status"": ""submit""}"
debugC00Z6L:debugJBHNW1,8,1604623158973,"{""phase"": ""response_video"", ""status"": ""begin""}"
debugC00Z6L:debugJBHNW1,9,1604623160467,"{""phase"": ""response_video"", ""status"": ""play/pause clicked: 0""}"
debugC00Z6L:debugJBHNW1,10,1604623240013,"{""phase"": ""response_video"", ""status"": ""video ended""}"
debugC00Z6L:debugJBHNW1,11,1604623241592,"{""phase"": ""response_video"", ""status"": ""submit""}"
debugC00Z6L:debugJBHNW1,12,1604623241595,"{""phase"": ""questions"", ""status"": ""begin""}"
debugC00Z6L:debugJBHNW1,13,1604623246499,"{""phase"": ""questions_/static/videos/Path2_3rdPerson"", ""status"": ""submit""}"
debugC00Z6L:debugJBHNW1,14,1604623246506,"{""phase"": ""response_video"", ""status"": ""begin""}"
debugC00Z6L:debugJBHNW1,15,1604623247830,"{""phase"": ""response_video"", ""status"": ""play/pause clicked: 0""}"
debugC00Z6L:debugJBHNW1,16,1604623326316,"{""phase"": ""response_video"", ""status"": ""video ended""}"
debugC00Z6L:debugJBHNW1,17,1604623346798,"{""phase"": ""response_video"", ""status"": ""submit""}"
debugC00Z6L:debugJBHNW1,18,1604623346800,"{""phase"": ""questions"", ""status"": ""begin""}"
debugC00Z6L:debugJBHNW1,19,1604623352332,"{""phase"": ""questions_/static/videos/Path2_2ndPerson"", ""status"": ""submit""}"
debugC00Z6L:debugJBHNW1,20,1604623352338,"{""phase"": ""response_video"", ""status"": ""begin""}"
debugC00Z6L:debugJBHNW1,21,1604623354402,"{""phase"": ""response_video"", ""status"": ""play/pause clicked: 0""}"
debugC00Z6L:debugJBHNW1,22,1604623431526,"{""phase"": ""response_video"", ""status"": ""video ended""}"
debugC00Z6L:debugJBHNW1,23,1604623442780,"{""phase"": ""response_video"", ""status"": ""submit""}"
debugC00Z6L:debugJBHNW1,24,1604623442782,"{""phase"": ""questions"", ""status"": ""begin""}"
debugC00Z6L:debugJBHNW1,25,1604623448405,"{""phase"": ""questions_/static/videos/Path1_3rdPerson"", ""status"": ""submit""}"
debugC00Z6L:debugJBHNW1,26,1604623448410,"{""phase"": ""response_video"", ""status"": ""begin""}"
debugC00Z6L:debugJBHNW1,27,1604623450018,"{""phase"": ""response_video"", ""status"": ""play/pause clicked: 0""}"
debugC00Z6L:debugJBHNW1,28,1604623532448,"{""phase"": ""response_video"", ""status"": ""video ended""}"
debugC00Z6L:debugJBHNW1,29,1604623535136,"{""phase"": ""response_video"", ""status"": ""submit""}"
debugC00Z6L:debugJBHNW1,30,1604623535139,"{""phase"": ""questions"", ""status"": ""begin""}"
debugC00Z6L:debugJBHNW1,31,1604623540913,"{""phase"": ""questions_/static/videos/Path1_2ndPerson"", ""status"": ""submit""}"
debugC00Z6L:debugJBHNW1,32,1604623540915,"{""phase"": ""final_question"", ""status"": ""begin""}"
debugC00Z6L:debugJBHNW1,33,1604623547976,"{""phase"": ""final_question"", ""status"": ""submit""}"
debugC00Z6L:debugJBHNW1,34,1604623547978,"{""phase"": ""checkquestion"", ""status"": ""begin""}"
debugC00Z6L:debugJBHNW1,35,1604623550657,"{""phase"": ""checkquestion"", ""status"": ""submit""}"
